Sample,Longitude,Latitude,Lithology,Geologica Unit,Reference,Reported U-Pb Age (Ma),Error (Ma),age,sio2,al2o3,fe2o3,mno,mgo,cao,na2o,k2o,tio2,p2o5,LOI ,Total ,rb_ppm,sr_ppm,y_ppm,zr_ppm,nb_ppm,cs_ppm,ba_ppm,la_ppm,ce_ppm,pr_ppm,nd_ppm,sm_ppm,eu_ppm,gd_ppm,tb_ppm,dy_ppm,ho_ppm,er_ppm,tm_ppm,yb_ppm,lu_ppm,hf_ppm,ta_ppm,pb_ppm ,th_ppm,u_ppm,LaN,SmN,YbN,LaN/YbN,LaN/SmN,Rb/Sr
AG12,-75.6018,6.3313,Granitoid,Ovejas Intrusive,Duque-Trujillo et al. (2019),75.5,1,76,66.7,16.2,4.1,0.1,1.5,3.7,4.1,1.9,0.5,0.1,0.4,99.3,,,,,8.8,1.8,739.3,8.1,15.2,2.1,8.5,1.9,0.9,1.9,0.3,1.6,0.3,0.9,,0.9,0.2,3.8,0.7,6.3,4,1.1,34.3,12.8,5.6,6.1,2.7,
AG13,-75.5987,6.3317,Granitoid,Ovejas Intrusive,Duque-Trujillo et al. (2019),76.9,2.5,77,65.7,17,4.3,0.1,1.5,4,4.2,1.9,0.5,0.1,0.3,99.5,,,,,9.4,2.1,675.6,9.1,16.2,2.1,8.4,1.9,0.9,1.9,0.3,1.7,0.3,1,,1,0.2,3.2,0.7,6.9,3.7,1.4,38.2,12.8,6.2,6.2,3,
AG14,-75.5971,6.3253,Granitoid,Ovejas Intrusive,Duque-Trujillo et al. (2019),74.3,1.9,74,62,17,5.9,0.1,2.3,5.2,3.7,1.8,0.7,0.2,0.4,99.3,,,,,7.1,1.7,666,19.2,32.5,4.2,15.1,3.1,1.1,3.1,0.5,2.8,0.6,1.6,,1.6,0.3,2.6,0.7,6.2,6,1.2,81.1,20.8,9.9,8.2,3.9,
AG14B,-75.5971,6.3253,Granitoid,Ovejas Intrusive,Duque-Trujillo et al. (2019),,,75,52.3,17.9,10.3,0.2,4.2,6.2,3.6,2.7,1.2,0.2,0.5,99.2,,,,,11.4,2.7,810.1,17.7,40.5,5.8,24.7,5.8,1.3,6,1,5.5,1.1,3.3,,3.3,0.5,3.1,0.8,6.7,5,0.9,74.6,39.3,20.4,3.7,1.9,
BSM 01B,-73.9696,11.3336,Granitoid,Santa Marta Batholith,Duque (2009) in Leal-Mejía et al. (2019),,,51,63,16.6,5.1,0.1,2.2,5.8,3.6,1.7,0.6,0.2,0.9,99.8,53.3,540.8,18.2,113.5,5.9,1.5,800,33.4,64.5,7.2,23.7,4.2,1,3.1,0.6,2.8,0.6,1.9,0.3,1.8,0.3,3.1,0.4,,10.4,0.8,140.9,28.4,11.1,12.7,5,0.1
BSM 105A,-74.0985,11.2068,Granitoid,Santa Marta Batholith,Duque (2009) in Leal-Mejía et al. (2019),55,1,55,62.2,17.6,4.6,0.1,2.4,5.9,3.9,1.1,0.5,0.2,1,99.5,27.9,609.6,13.4,122.5,4.7,1.1,850,14.4,27,3.4,13.1,2.7,0.9,2.5,0.4,2.3,0.5,1.3,,1.3,0.2,2.9,0.2,4.8,2.1,0.6,60.9,18.2,8,7.7,3.4,0.05
BSM 111,-73.9071,11.2858,Granitoid,Santa Marta Batholith,Duque (2009) in Leal-Mejía et al. (2019),,,54,59.4,17.6,6.6,0.1,3,6.7,3.6,1,0.7,0.2,0.7,99.5,23.5,537.2,21.4,88,5.9,0.6,622,38.3,69.1,7.7,26.5,4.6,1.2,4,0.6,3.6,0.7,2.1,,2.1,0.3,2.2,0.3,5.5,9.1,0.4,161.6,30.9,12.9,12.6,5.2,0.04
BSM 12E,-74.0974,11.2702,Granitoid,Santa Marta Batholith,Duque (2009) in Leal-Mejía et al. (2019),55.5,0.3,56,60.1,18.1,4.8,0.1,2.8,6.6,4.3,1.4,0.6,0.2,0.5,99.4,35.4,832.7,13.7,112.4,4.3,0.9,1058,11.6,23.8,3.4,14.5,3.1,1.1,2.8,0.4,2.4,0.5,1.3,,1.3,0.2,2.8,0.2,5.6,1.3,1,49.1,20.9,8.1,6.1,2.4,0.04
BSM 13,-73.8737,11.2815,Granitoid,Santa Marta Batholith,Duque (2009) in Leal-Mejía et al. (2019),,,50,59.7,17.8,6,0.1,2.7,7,3.9,0.9,0.7,0.2,0.8,99.8,16.2,600.8,21.5,157.5,5.1,0.6,501,4.9,12.8,2.5,13.1,3.7,1.1,3.8,0.6,3.7,0.8,2.1,,2.1,0.3,3.8,0.3,7.2,0.3,0.6,20.8,24.9,12.7,1.6,0.8,0.03
BSM 15,-73.8938,11.2929,Granitoid,Santa Marta Batholith,Duque (2009) in Leal-Mejía et al. (2019),,,50,59.6,17.8,6.5,0.1,2.9,7.2,3.8,0.7,0.6,0.2,0.5,99.9,16.9,640.7,22.1,95.7,4.2,0.4,453,17.4,41.1,5.3,22.1,4.6,1.4,3.9,0.7,4.1,0.8,2.2,0.4,2,0.3,2.7,0.2,,2.8,0.5,73.4,31.3,12.4,5.9,2.3,0.03
BSM 21A,-73.9564,11.2817,Granitoid,Santa Marta Batholith,Duque (2009) in Leal-Mejía et al. (2019),,,52,61.4,17.2,5.7,0.1,2.4,6,3.4,1.8,0.6,0.2,0.9,99.8,61.1,521.6,19.8,143.8,5.2,1.5,711,9.6,23,3.4,13.7,3.5,1,3.1,0.6,3.4,0.7,1.9,0.3,1.9,0.3,3.8,0.4,,2.8,1.5,40.5,23.3,12,3.4,1.7,0.12
BSM 22,-73.9895,11.2869,Granitoid,Santa Marta Batholith,Duque (2009) in Leal-Mejía et al. (2019),,,52,64.3,17.1,4,0.1,1.6,5.3,3.8,1.5,0.5,0.2,1.5,99.7,46.6,557.8,14.4,160.1,6.3,1,728,25.6,49.1,5.6,21,3.5,1,2.8,0.5,2.4,0.5,1.4,0.2,1.3,0.2,4.1,0.4,,6.7,1.7,108,23.6,8.1,13.3,4.6,0.08
BSM 23,-74.026,11.2831,Granitoid,Santa Marta Batholith,Duque (2009) in Leal-Mejía et al. (2019),,,56,66.8,16.3,3.2,0.1,1.3,4.3,3.7,2.4,0.4,0.1,1,99.7,59.2,509.3,10.6,123.9,6,1.2,1185,25.1,48.4,5.5,18.5,2.9,0.8,1.8,0.3,1.7,0.3,1,0.2,1.1,0.2,3.2,0.4,,8.7,1.3,105.9,19.6,6.8,15.5,5.4,0.12
BSM 25A,-74.0657,11.2737,Granitoid,Santa Marta Batholith,Duque (2009) in Leal-Mejía et al. (2019),,,56,61,15.3,7.3,0.2,3.3,5.4,3.3,2.2,0.7,0.2,1,99.9,70.9,377.9,23.2,119.2,8.7,1.3,653,18.3,38.9,5.3,19.3,4.5,1,4,0.7,3.6,0.8,2.3,0.4,2.3,0.4,4.2,0.6,,8.1,2.6,77.2,30.5,14.5,5.3,2.5,0.19
BSM 27A,-74.0746,10.795,Granitoid,Santa Marta - Paleogene Intrusives,Cardona et al. (2011),,,57,50.1,20.1,8.2,0.2,4.7,9.7,4.4,0.4,0.8,0.3,0.9,99.7,1.9,1145.5,22.1,147.6,3.4,,448.1,19,42,6.1,27.5,5.2,1.6,4.5,0.7,3.7,0.7,2.1,0.3,1.9,0.3,3.9,0.2,0.2,0.4,0.2,80.2,35.1,11.6,6.9,2.3,0
BSM 29,-74.0684,10.8022,Granitoid,Santa Marta - Paleogene Intrusives,Cardona et al. (2011),,,57,49.2,20.7,8.7,0.2,4.4,9.8,4.3,0.3,0.8,0.3,0.9,99.7,1.5,1056.6,25.4,158,3.6,,285,17.4,39.9,5.9,26,5.5,1.6,4.9,0.8,4,0.9,2.5,0.4,2.4,0.4,4,0.1,0.3,0.4,0.1,73.4,37.4,14.9,4.9,2,0
BSM 30,-74.0628,10.8078,Granitoid,Santa Marta - Paleogene Intrusives,Cardona et al. (2011),,,57,43.2,15.1,11.6,0.1,12.8,1.3,2.4,0.5,1.4,0,1.5,99.9,2.3,274,17.3,21.3,0.5,,198.9,1.8,6.1,1.1,6,2.5,0.8,3,0.6,3,0.6,1.7,0.3,1.4,0.2,0.9,,0.3,0.3,,7.6,16.9,8.4,0.9,0.4,0.01
BSM 35A,-74.2302,11.166,Granitoid,Santa Marta Batholith,Duque (2009) in Leal-Mejía et al. (2019),,,55,66.6,16.1,3.5,0.1,2.3,4.4,3.8,2.3,0.5,0.2,0.7,100.3,80.2,572.9,13.1,121.8,5.8,2.2,1255,31,53.7,6.1,18.9,3.1,0.8,2.4,0.4,2.1,0.4,1.1,0.2,1.3,0.2,3.7,0.6,,14,2.5,130.8,20.6,7.8,16.7,6.3,0.14
BSM 45B,-74.1254,11.1424,Granitoid,Santa Marta Batholith,Duque (2009) in Leal-Mejía et al. (2019),58.1,0.9,58,62.4,16.7,4.7,0.1,2.6,6,3.9,1.4,0.6,0.2,1,99.4,30,545.9,14.9,108.3,4.9,0.6,910,29.5,46.6,5.5,19.5,3.4,1,3,0.5,2.6,0.5,1.5,,1.4,0.2,2.7,0.2,5.4,8.9,0.5,124.3,23.2,8.8,14.1,5.3,0.05
BSM 49,-74.0334,11.2863,Granitoid,Santa Marta Batholith,Duque (2009) in Leal-Mejía et al. (2019),,,56,64.9,14.2,4.5,0.1,2.1,4.8,3.5,2.3,0.5,0.2,1,98,62.8,454.8,20,125.7,8,1.4,953,24.4,47.4,5.7,21.4,4.2,1,3.2,0.6,3,0.6,1.8,0.3,1.9,0.3,3.4,0.7,,9.8,2.8,103,28.3,12,8.5,3.6,0.14
BSM 60,-74.178,11.1741,Granitoid,Santa Marta Batholith,Duque (2009) in Leal-Mejía et al. (2019),55.3,0.6,55,60.4,17.5,5.4,0.1,2.7,6.6,4,1.3,0.6,0.2,0.5,99.3,25.5,607.6,23.7,116.4,6,1.1,690,17.5,33.2,4.9,20,4.6,1.1,4.3,0.7,4.1,0.8,2.3,,2.3,0.3,3.1,0.3,6.2,1.6,0.6,73.8,30.9,14.1,5.2,2.4,0.04
CAS-12-05,-73.8331,11.1736,Granitoid,Santa Marta - Paleogene Intrusives,Cardona et al. (2011),,,51,74.6,15.3,0.7,0,0.2,2.6,4.9,1,0.1,0,0.5,99.8,15.3,593.8,9.4,31.4,4,,1390,7.3,14.4,1.7,7.2,1.3,0.7,1.3,0.3,1.6,0.3,1,0.1,1.1,0.2,1.2,0.3,0.9,2.4,0.9,30.8,8.6,6.8,4.5,3.6,0.03
CAS-12-07,-73.8331,11.1732,Granitoid,Santa Marta - Paleogene Intrusives,Cardona et al. (2011),,,51,63.5,17,4.4,0.1,1.6,5.5,4,2.4,0.4,0.2,0.6,99.7,51.8,748.2,15.1,134.4,4.3,,1693,25.7,44.8,5.4,20.6,3.2,1,2.7,0.4,2.4,0.5,1.6,0.2,1.7,0.3,4,0.3,0.6,7.9,2.1,108.4,21.8,10.2,10.6,5,0.07
CAS-12-16,-73.7254,11.1691,Granitoid,Santa Marta - Paleogene Intrusives,Cardona et al. (2011),,,51,64.1,15.3,5.8,0.1,2.2,3.7,3.8,2.5,0.8,0.2,1,99.7,58.2,474,36.6,337.5,11.8,,1355,57,115,14.6,58.3,9.5,1.3,7.9,1.2,6.3,1.3,3.6,0.5,3.2,0.5,9.6,0.6,0.9,10.5,1.3,240.5,63.9,20.1,12,3.8,0.12
CAS-12-23L,-74.062,11.2678,Granitoid,Santa Marta - Paleogene Intrusives,Cardona et al. (2011),,,53,60.3,18.4,4.7,0.1,2.8,6.5,4.4,1.3,0.6,0.2,0.4,99.7,40,891.5,16.7,169.6,4.9,,1187,16.1,32.5,4.6,20.5,4,1.2,3.5,0.5,2.9,0.6,1.6,0.3,1.6,0.3,5,0.3,0.6,1.7,0.9,67.9,27.3,9.9,6.9,2.5,0.04
CB1,-75.1406,4.7373,Granodiorite,El Bosque Batholith,Bustamante et al. (2017) in Leal-Mejía et al. (2019),55.1,2.1,55,68.5,16.5,2.7,0.1,1.1,3.5,3.4,2.5,0.4,0.1,1.3,99.9,86.6,377,13.3,132,7.6,5,1004,40.8,71.6,8.7,31.4,5.5,1.2,4.5,0.6,2.5,0.4,1.1,0.1,1,0.1,3.9,0.7,1.8,11.2,1.6,172.2,36.9,6,28.6,4.7,0.23
CB2,-75.1409,4.7285,Granodiorite,El Bosque Batholith,Bustamante et al. (2017) in Leal-Mejía et al. (2019),,,54,68,16.5,2.8,0,1,3,3.3,2.2,0.4,0.1,2,97,92.8,305,9,134,6.5,9.1,894,25.6,46.4,5.8,21.4,4.2,1.2,3.2,0.4,2.1,0.3,0.8,0.1,0.7,0.1,3.7,0.6,14.6,7.5,2.7,108,28.3,4,26.8,3.8,0.3
CH10,-74.9898,5.1489,Granodiorite,El Hatillo Stock,Bustamante et al. (2017) in Leal-Mejía et al. (2019),55,0.7,55,65.8,16.6,3.8,0.1,2.1,4.9,4,1.5,0.5,0.2,0.4,99.4,38.1,551,11.5,120,4.4,1.8,683,22.6,43.2,5.2,19.4,3.7,1.1,3,0.4,2.4,0.4,1.1,0.2,1.1,0.2,3.3,0.4,7.3,4.6,1.5,95.4,24.7,6.5,14.6,3.9,0.07
CH12,-74.9917,5.1671,Granodiorite,El Hatillo Stock,Bustamante et al. (2017) in Leal-Mejía et al. (2019),,,53,65.8,16.9,3.9,0.1,1.9,4.9,4.1,1.5,0.5,0.2,0.6,99.4,42.9,600,14.4,127,5.1,1.8,683,22,43.3,5.4,21,4.2,1.2,3.6,0.5,2.9,0.5,1.4,0.2,1.3,0.2,3.4,0.4,9.3,5.2,2.8,92.8,28.3,7.8,12,3.3,0.07
CH14,-75.0017,5.1684,Granodiorite,El Hatillo Stock,Bustamante et al. (2017) in Leal-Mejía et al. (2019),,,53,65.9,16.8,3.9,0.1,1.9,4.7,4,1.5,0.5,0.2,0.7,99,46.9,567,14.8,134,5.1,2.6,813,20.2,40.3,5.1,20.3,4.3,1.3,3.5,0.5,3.1,0.6,1.5,0.2,1.4,0.2,3.7,0.5,9.6,5.2,2.7,85.2,29,8.6,9.9,2.9,0.08
CH15,-74.9895,5.1859,Granodiorite,El Hatillo Stock,Bustamante et al. (2017) in Leal-Mejía et al. (2019),,,53,65.9,16.7,3.6,0.1,1.8,4.5,4.1,1.6,0.5,0.2,0.7,98.6,43.1,558,13.4,132,5,1.8,766,24.3,47.3,5.7,22,4.1,1.2,3.3,0.5,2.7,0.5,1.4,0.2,1.3,0.2,3.7,0.5,8.1,7.2,2.3,102.5,27.6,7.9,13,3.7,0.08
CH19,-74.9992,5.2735,Granodiorite,El Hatillo Stock,Bustamante et al. (2017) in Leal-Mejía et al. (2019),53.7,2.6,54,67.2,16.8,3.4,0.1,1.8,4.3,4.2,1.7,0.5,0.2,0.6,100.5,48.6,648,11.7,130,4.9,2.3,833,25.3,50.4,5.7,21.7,4.1,1.1,3.3,0.4,2.3,0.4,1,0.1,0.9,0.1,3,0.3,25.2,5.4,2.5,106.8,27.8,5.3,20,3.8,0.08
CH2,-75.0023,5.198,Granodiorite,El Hatillo Stock,Bustamante et al. (2017) in Leal-Mejía et al. (2019),,,53,66.4,16.6,3.9,0.1,1.9,4.5,4,1.5,0.5,0.2,1.4,99.2,44.2,571,16.6,135,5.3,2.1,711,27.6,52.1,6.5,25,4.9,1.4,4,0.6,3.4,0.6,1.6,0.2,1.4,0.2,3.7,0.5,8.9,6.1,2,116.5,32.8,8.9,13,3.5,0.08
CH20,-75.0068,5.2771,Granodiorite,El Hatillo Stock,Bustamante et al. (2017) in Leal-Mejía et al. (2019),,,54,67.2,16.6,3.4,0.1,2,4.5,4.3,1.6,0.5,0.2,0.7,101,47,590,10.7,117,4.1,1.6,720,16.9,32.6,4.1,19.6,3.4,0.9,2.7,0.4,2.1,0.4,1,0.2,0.9,0.1,3.2,0.3,0.6,3.6,1.6,71.3,22.6,5.5,13,3.2,0.08
CH21B,-75.0038,5.2968,Granodiorite,El Hatillo Stock,Bustamante et al. (2017) in Leal-Mejía et al. (2019),53.6,1.7,54,67.2,15.9,3.2,0.1,1.9,4,4.2,1.7,0.4,0.1,1.1,99.6,43.4,569,14.7,102,5.8,3.1,696,22.4,45.2,5.2,20.2,4.1,1,3.4,0.5,2.7,0.6,1.5,0.2,1.5,0.2,2.8,0.4,0.6,7.5,2,94.5,27.5,9.1,10.4,3.4,0.08
CH5,-74.9938,5.2196,Granodiorite,El Hatillo Stock,Bustamante et al. (2017) in Leal-Mejía et al. (2019),53.8,0.3,54,65.3,16.9,3.9,0.1,2.2,5,4.1,1.5,0.6,0.2,0.6,99.9,38,626,13.2,138,4.2,2,768,19.5,38.5,4.8,16.4,3.6,1.1,3.1,0.4,2.9,0.5,1.3,0.2,1.2,0.2,3.4,0.3,0.6,4.2,1.8,82.3,24,7.6,10.9,3.4,0.06
CH6A,-74.9956,5.2073,Granodiorite,El Hatillo Stock,Bustamante et al. (2017) in Leal-Mejía et al. (2019),,,54,65.8,17.1,3.9,0.1,2,4.7,4.2,1.4,0.5,0.2,0.8,99.5,38.5,576,12.9,131,4.8,1.9,632,19.4,38.3,4.9,19,3.8,1.2,3.2,0.5,2.6,0.5,1.3,0.2,1.2,0.2,3.4,0.3,8.4,4.3,1.5,81.9,25.9,7.2,11.4,3.2,0.07
CH8,-74.9913,5.1765,Granodiorite,El Hatillo Stock,Bustamante et al. (2017) in Leal-Mejía et al. (2019),53.2,1.3,53,65.3,17.3,4.1,0.1,2.1,4.9,4.2,1.8,0.6,0.2,0.5,100.5,49.2,579,15.4,137,7,2.3,758,17,34.2,4.5,18.5,4.2,1.3,3.6,0.5,3,0.6,1.5,0.2,1.4,0.2,3.7,0.6,9.5,4.9,2.1,71.7,28.2,8.4,8.6,2.5,0.08
CH9,-74.9838,5.171,Granodiorite,El Hatillo Stock,Bustamante et al. (2017) in Leal-Mejía et al. (2019),,,53,66.3,16.7,3.9,0.1,2,4.6,3.9,1.7,0.5,0.2,0.7,99.5,59.8,551,14,116,5.2,2.7,745,19.2,38.4,4.8,18.7,4,1.2,3.4,0.5,2.8,0.5,1.4,0.2,1.2,0.2,3.1,0.4,8.9,4.8,2.4,81,27.3,7.6,10.6,3,0.11
DV156,-75.3001,5.754,Granite,Sonsón Batholith,Villagómez et al. (2011) in Leal-Mejía et al. (2019),,,54,68.3,14.8,3.8,0.1,1.9,3.6,3.4,3,0.4,0.1,0.5,99.9,109.8,268,19.5,133,6,5.7,744,28.7,54.8,5.9,21.6,4.1,0.7,3.6,0.6,3.1,0.6,1.8,0.3,1.8,0.3,3.8,0.6,10.6,14,4.2,121.1,27.6,11.2,10.8,4.4,0.41
DV58*,-75.1363,6.0184,Granite,Antioquian Batholith,Villagómez et al. (2011) in Leal-Mejía et al. (2019),93.5,1.5,94,70.1,17.1,1.7,0,0.7,3.3,3.4,1.1,0.2,0.1,2,99.6,43.4,215,12.7,102,4.4,2.2,175,19.3,33.7,3.3,10.9,1.9,1.2,1.8,0.3,1.9,0.4,1.3,0.2,1.4,0.2,3,0.4,15.4,9.3,1.8,81.2,12.6,8.9,9.1,6.5,0.2
EAM-11-42L,-74.134,11.1634,Granitoid,Santa Marta - Paleogene Intrusives,Cardona et al. (2011),,,58,60.2,17.3,5.8,0.1,2.8,6.3,4,0.5,0.7,0.2,1.9,99.7,11.2,679.9,17.9,131.5,4,,749,18.4,35,4.5,17.8,3.5,1,3.4,0.6,3.2,0.6,1.8,0.3,1.6,0.3,3.5,0.1,0.7,2.2,0.2,77.6,23.4,10.2,7.6,3.3,0.02
EAM-18-70L,-74.1766,11.0484,Granitoid,Santa Marta - Paleogene Intrusives,Cardona et al. (2011),,,57,58.3,17.8,6.5,0.1,3.3,7.1,3.9,0.9,0.7,0.2,1,99.8,16.9,685.8,15.1,78.2,4,,731,14.3,28.2,3.7,15.1,3.1,1,2.9,0.5,2.6,0.5,1.5,0.3,1.5,0.2,2.3,0.3,1.1,1.9,0.6,60.3,20.9,9.4,6.4,2.9,0.02
EAM-18-72L,-74.1704,11.0509,Granitoid,Santa Marta - Paleogene Intrusives,Cardona et al. (2011),,,57,56.7,18.1,6.7,0.1,3.6,7.5,4.1,1,0.7,0.2,1,99.7,19.4,704.9,13.7,76.1,3.8,,690,14.3,27.5,3.6,14.8,2.9,1,2.8,0.4,2.6,0.5,1.4,0.2,1.4,0.2,2.1,0.3,0.9,2,1,60.3,19.9,8.4,7.1,3,0.03
EAM-19-77L,-74.065,10.8036,Granitoid,Santa Marta - Paleogene Intrusives,Cardona et al. (2011),,,57,52.3,19,7.8,0.2,4.5,9.1,4.3,0.6,0.7,0.3,0.9,99.7,3.2,933.6,19.2,139.2,3.5,,488,19.6,37.6,5.7,22,4.6,1.4,4.1,0.7,3.7,0.7,2.1,0.3,2.1,0.3,3.4,0.1,0.8,0.4,0.2,82.7,30.7,12.8,6.5,2.7,0
EMC 01,-74.0336,11.181,Granitoid,Santa Marta Batholith,Duque (2009) in Leal-Mejía et al. (2019),,,55,68.3,16.7,2.5,0.1,1.3,4.2,4.7,1.7,0.3,0.1,0.6,100.5,42.5,755.6,7.4,102.1,4.5,1.3,1352,33,56.4,6.3,20.7,2.8,0.7,1.9,0.3,1.3,0.3,0.7,,0.8,0.1,2.6,0.3,17.7,9,1,139.2,18.6,4.8,28.7,7.5,0.06
JCA036,-75.6219,6.2742,Quartzdiorite,Altavista and San Diego Intrusives,Cardona et al. (2020),,,97,67.4,16.8,4.1,0.1,0.8,2.9,6.5,1.6,0.5,0.2,0.4,101.3,48.6,243,25,406,10.6,,487,21.2,43.3,5,18.3,4,1.3,4.3,0.7,3.8,0.9,2.7,0.4,3,0.5,8.4,0.6,,4.4,2,89.5,27.2,18.4,4.9,3.3,0.2
JCA037,-75.6219,6.2742,Gabbro,Altavista and San Diego Intrusives,Cardona et al. (2020),,,97,63.9,15.6,5.4,0.1,2.7,5.2,5.5,0.7,0.9,0.2,0.4,100.7,27.8,240,37.2,168,14.4,,193.5,14.4,37.7,5,20.9,4.9,1.2,5.6,0.9,6.1,1.3,4.1,0.6,4.7,0.6,4,0.9,,3.3,1.4,60.8,32.9,29,2.1,1.8,0.12
JCA038,-75.6219,6.2742,Andesite Porphyry,Altavista and San Diego Intrusives,Cardona et al. (2020),,,97,56.9,15.8,6.7,0.2,3.4,7.5,3,0.8,0.8,0.2,4.5,99.9,18.1,493,21,122,4.3,,356,10.3,23.4,3.2,14.1,3,1,3.7,0.6,3.4,0.7,2.4,0.3,2.2,0.4,3.4,0.3,,1.6,0.7,43.5,20.4,13.5,3.2,2.1,0.04
JCA043,-75.5689,6.2282,Gabbro,Altavista and San Diego Intrusives,Cardona et al. (2020),,,97,54.6,16.2,7.2,0.1,5.9,9.4,3.7,0.4,0.9,0.1,1,99.6,9.4,289,22,98,5,,169.5,8.5,21.2,2.9,13.3,3.2,1.3,4.1,0.8,4.4,0.8,2.4,0.4,2.3,0.4,2.7,0.3,,1.4,0.5,35.9,21.8,14.1,2.5,1.6,0.03
KD-WR-08,-74.9131,6.5083,Granodiorite,Antioquian Batholith,Leal-Mejía (2011) in Leal-Mejía et al. (2019),,,74,67.4,16.9,2.6,0.1,1.2,3.5,5.2,2,0.3,0.1,1.1,100.5,27,685,6,105,2,0.8,673,8.9,20.3,2.4,9.9,2,0.7,1.6,0.2,1.1,0.2,0.6,0.1,0.6,0.1,2.7,0.1,8,1.4,0.7,37.6,13.5,3.7,10.1,2.8,0.04
KD-WR-09,-74.915,6.5106,Granodiorite,Antioquian Batholith,Leal-Mejía (2011) in Leal-Mejía et al. (2019),,,74,69.8,16.2,2.3,0.1,1,3,5.5,1.6,0.3,0.1,0.8,100.7,20,689,6,86,2,0.7,486,9.3,19.5,2.3,9,1.9,0.6,1.5,0.2,1.1,0.2,0.6,0.1,0.6,0.1,2.5,0.2,10,1.8,0.9,39.2,12.8,3.7,10.5,3.1,0.03
KD-WR-10,-74.91,6.5093,Granodiorite,Antioquian Batholith,Leal-Mejía (2011) in Leal-Mejía et al. (2019),,,74,67,16.8,3.1,0.1,1.6,3.8,5.5,1.4,0.4,0.2,0.7,100.4,19,564,8,123,3,0.5,637,14.5,30.6,3.7,14.3,2.8,0.9,2.2,0.3,1.5,0.3,0.8,0.1,0.8,0.1,3.3,0.2,8,2.6,0.9,61.2,18.9,5,12.3,3.2,0.03
KD-WR-11,-74.8915,6.5113,Diorite Porphyry Dike,Antioquian Batholith,Leal-Mejía (2011) in Leal-Mejía et al. (2019),,,87,65.7,16.9,3.9,0.1,1.9,4.3,4.7,1.8,0.5,0.2,0.6,100.7,31,854,10,113,3,1.1,791,14.7,31.6,3.9,16,3.2,0.9,2.6,0.3,1.9,0.4,1,0.2,1,0.2,3.1,0.2,18,3,1.3,62,21.6,6.2,10,2.9,0.04
KD-WR-12,-75.1413,6.5392,Diorite,Antioquian Batholith,Leal-Mejía (2011) in Leal-Mejía et al. (2019),,,76,48,19,9.8,0.2,6.7,10.3,3,0.3,1,0.3,0.5,99.1,3,741,13,7,< 1,0.8,236,6,14.2,2.2,11.1,3.1,1.2,3.3,0.5,2.9,0.6,1.6,0.2,1.4,0.2,0.4,< 0.1,< 5,0.1,< 0.1,25.3,20.9,8.7,2.9,1.2,0
KD-WR-126*,-74.7114,7.0772,Diabase Dike,Dike Cuts Segovia Batholith,Leal-Mejía (2011) in Leal-Mejía et al. (2019),,,86,43.5,12.9,7.3,0.2,11.3,8,0.1,1.7,0.8,0.3,11.8,97.9,55,97,19.2,141,7.2,1.3,161,21.4,44.1,5.1,19.8,3.9,0.9,3.4,0.6,3.2,0.6,1.8,0.3,1.7,0.2,3.2,0.5,< 5,7.1,1.5,90.3,26.1,10.4,8.7,3.5,0.57
KD-WR-129,-74.695,7.0617,Diorite Porphyry Dike,Dike Cuts Segovia Batholith,Leal-Mejía (2011) in Leal-Mejía et al. (2019),,,86,60.7,17.3,4.6,0.1,3.2,5.8,4.1,1.5,0.8,0.3,1.9,100.3,51,936,17.4,135,4.7,5.4,434,19.3,42.3,5.2,21.6,4.3,1.5,3.7,0.6,3.2,0.6,1.7,0.2,1.6,0.2,3.6,0.4,< 5,3.6,1.1,81.4,28.7,9.8,8.4,2.8,0.05
KD-WR-13,-74.845,6.6377,Granodiorite,Antioquian Batholith,Leal-Mejía (2011) in Leal-Mejía et al. (2019),79.5,1.3,80,66.3,15.6,4.6,0.1,1.9,4.3,3.1,3.3,0.5,0.1,0.7,100.2,116,242,28,168,6,3.4,445,25.3,52,6,22.6,5,0.9,5,0.8,4.7,0.9,2.8,0.5,3,0.5,5.1,0.8,11,17.7,3.4,106.8,33.8,18.6,5.7,3.2,0.48
KD-WR-136,-74.9087,6.5066,Granodiorite,Antioquian Batholith (Paleocene),Leal-Mejía (2011) in Leal-Mejía et al. (2019),,,60,66.6,16.5,3.6,0.1,1.8,4.2,4.7,1.7,0.5,0.2,0.6,100.4,38,609,9.6,126,2.9,1.1,867,14.3,29.3,3.5,13.6,2.8,0.9,2.2,0.3,1.7,0.3,0.9,0.1,0.9,0.1,3.1,0.2,7,3.3,1.3,60.3,18.8,5.4,11.2,3.2,0.06
KD-WR-137,-74.91,6.5094,Diorite Porphyry,Dike Cuts Antioquian Batholith,Leal-Mejía (2011) in Leal-Mejía et al. (2019),,,74,48.9,19.2,10.1,0.2,4.5,8.9,3.9,1.2,1.2,0.4,0.7,99.1,21,673,18,38,5,1.8,237,12.2,27.6,3.5,15.8,3.7,1.6,3.5,0.6,3.2,0.6,1.7,0.2,1.6,0.2,0.9,0.3,< 5,0.4,0.3,51.5,25,10.1,5.1,2.1,0.03
KD-WR-138,-74.91,6.5094,Diorite Porphyry,Dike Cuts Antioquian Batholith,Leal-Mejía (2011) in Leal-Mejía et al. (2019),,,74,68.5,16.6,2.6,0,1.5,3.7,5.3,1.2,0.4,0.1,0.6,100.5,21,599,6.3,110,1.6,0.4,446,10.2,22.2,2.7,10.7,2.2,0.7,1.7,0.2,1.2,0.2,0.6,0.1,0.5,0.1,2.8,0.1,8,1.2,0.7,43,14.8,3.4,12.8,2.9,0.04
KD-WR-139,-74.9087,6.5066,Diabase,Dike Cuts Antioquian Batholith,Leal-Mejía (2011) in Leal-Mejía et al. (2019),,,74,57.9,17.4,6,0.1,2.9,6.2,4.3,1.9,0.9,0.4,0.9,98.9,26,1344,20.8,123,4.2,0.5,1343,28.7,65.3,8.3,34.8,6.8,2.1,5.2,0.7,3.8,0.7,2,0.3,1.9,0.3,3.5,0.3,13,6.9,2.8,121.1,45.9,12,10.1,2.6,0.02
KD-WR-14,-74.844,6.6427,Granodiorite,Antioquian Batholith,Leal-Mejía (2011) in Leal-Mejía et al. (2019),,,80,66.4,15.3,4.8,0.1,1.9,4.1,3,3.5,0.5,0.1,0.6,100.3,115,225,23,132,6,3.3,604,9.7,22,3.1,13.7,3.5,0.8,3.6,0.6,3.6,0.8,2.3,0.4,2.6,0.4,4,0.8,10,6.3,2.2,40.9,23.6,16.1,2.5,1.7,0.51
KD-WR-140,-74.9758,6.6053,Diorite Porphyry Dike,Antioquian Batholith,Leal-Mejía (2011) in Leal-Mejía et al. (2019),,,87,60.3,15.9,5.9,0.1,3,5.5,3.9,1.3,1,0.5,1.6,98.8,36,314,21,199,10.7,1.9,490,22.8,49.6,5.9,24.1,5.2,1.6,4.6,0.7,3.8,0.7,1.9,0.3,1.9,0.3,4.4,0.9,7,5.3,1.8,96.2,34.9,11.5,8.4,2.8,0.11
KD-WR-141*,-75.4788,6.7065,Granite - Granodiorite,Antioquian Batholith,Leal-Mejía (2011) in Leal-Mejía et al. (2019),,,74,72.7,15.3,2,0,0.4,3.9,3,0.6,0.1,0.1,2.3,100.1,23,215,4.3,127,1.3,1.1,190,4.6,8.1,0.9,3.6,0.8,0.7,0.8,0.1,0.8,0.2,0.5,0.1,0.6,0.1,3.4,0.2,6,2.4,1.2,19.2,5.1,4,4.8,3.7,0.11
KD-WR-142,-75.6078,6.8664,Granodiorite,Antioquian Batholith,Leal-Mejía (2011) in Leal-Mejía et al. (2019),,,74,63,16.8,6,0.1,1.8,5.3,3.5,1.8,0.6,0.2,0.6,99.7,52,320,17.1,122,6.3,1.7,728,16.5,33.7,4,15.3,3,1.1,3,0.5,2.9,0.5,1.7,0.3,1.9,0.3,3.3,0.6,6,5.4,1.2,69.6,20.5,11.5,6.1,3.4,0.16
KD-WR-143,-74.9388,6.2901,Granodiorite,Antioquian Batholith,Leal-Mejía (2011) in Leal-Mejía et al. (2019),,,74,62.8,15.8,5.3,0.1,2.6,5.6,3.1,2.3,0.5,0.1,1.4,99.6,82,272,20.5,124,4.1,3.2,472,11.5,26.4,3.3,13.6,3.1,0.8,3,0.5,3.3,0.7,2.1,0.3,2.2,0.3,3.7,0.5,9,11.2,3.9,48.5,20.9,13.5,3.6,2.3,0.3
KD-WR-144,-74.916,6.2521,Diorite,Antioquian Batholith,Leal-Mejía (2011) in Leal-Mejía et al. (2019),,,74,62.7,14.6,5.8,0.1,3.4,5.5,2.7,2.5,0.6,0.1,0.7,98.8,106,267,21.1,150,6.3,5.2,513,21.8,43.4,4.7,17.7,3.6,0.9,3.4,0.6,3.4,0.7,2.1,0.3,2,0.3,4.1,0.7,8,9.6,2.6,92,24.3,12.7,7.3,3.8,0.4
KD-WR-145,-75.1562,6.1567,Gabbrodiorite,Antioquian Batholith,Leal-Mejía (2011) in Leal-Mejía et al. (2019),,,87,55.5,16.8,8,0.1,4.1,7.3,2.8,2,0.9,0.3,0.8,98.7,67,429,27.9,157,7.1,2.7,548,16.4,37.2,4.8,20.9,5,1.3,4.8,0.9,5,0.9,2.8,0.4,2.7,0.4,3.8,0.6,8,5.1,1.4,69.2,33.8,16.6,4.2,2,0.16
KD-WR-146,-75.1878,6.1215,Diabase Dike,Antioquian Batholith,Leal-Mejía (2011) in Leal-Mejía et al. (2019),,,87,55.8,17.9,7,0.1,3.3,6.1,4,2.3,0.8,0.3,1.8,99.5,121,565,19.7,128,4.3,2.9,616,16.3,36,4.5,19.6,4.2,1.4,3.7,0.6,3.3,0.6,1.7,0.2,1.6,0.2,3.1,0.3,5,2.5,0.8,68.8,28,10.1,6.8,2.5,0.21
KD-WR-147,-75.0005,6.375,Granodiorite,Antioquian Batholith,Leal-Mejía (2011) in Leal-Mejía et al. (2019),,,74,65.5,15.4,4.7,0.1,2,4.5,2.8,3.6,0.4,0.1,1,100,105,272,18.6,126,4.4,3.1,685,20.5,40.1,4.2,15.2,3.2,0.9,3,0.5,3.1,0.6,1.9,0.3,2.1,0.3,3.6,0.6,8,14.9,3,86.5,21.4,12.9,6.7,4,0.39
KD-WR-148*,-74.7698,6.4104,Granite - Granodiorite,Antioquian Batholith,Leal-Mejía (2011) in Leal-Mejía et al. (2019),,,87,75.1,13.4,1.8,0,0.2,1.6,3.3,3.9,0.1,0.1,0.6,100,133,200,19.2,95,9.7,2.5,1754,35.8,68.3,7,24.1,4.2,0.9,3.3,0.6,3,0.6,1.8,0.3,1.9,0.3,3,1.2,21,16.6,3,151.1,28.4,12,12.5,5.3,0.67
KD-WR-149,-74.9834,6.5346,Granodiorite,Antioquian Batholith,Leal-Mejía (2011) in Leal-Mejía et al. (2019),,,74,64.8,17.7,3.5,0.1,1.4,5.4,3.6,2.7,0.3,0.1,0.5,100.1,75,330,17,105,3.9,2.7,638,9.2,20.8,2.7,11.5,2.7,0.9,2.6,0.5,2.9,0.6,1.7,0.3,1.7,0.3,3.1,0.4,10,14.1,4.4,38.9,18.2,10.8,3.6,2.1,0.23
KD-WR-15,-74.8438,6.6388,Diorite,Antioquian Batholith,Leal-Mejía (2011) in Leal-Mejía et al. (2019),,,80,54.2,17.9,9.9,0.2,2.8,8.1,2.7,0.7,0.9,0.4,1.9,100,11,552,26,112,6,< 0.5,410,15.6,31.3,4.1,17.8,4.3,1.4,4.7,0.8,4.4,0.9,2.7,0.4,2.8,0.4,3.1,0.4,22,3.4,1.2,65.8,29.1,17.4,3.8,2.3,0.02
KD-WR-200,-74.7458,7.0381,Granodiorite,La Culebra Stock (Antioquian Suite),Leal-Mejía (2011) in Leal-Mejía et al. (2019),87.5,1.4,88,63.9,17.3,5.4,0.1,1.7,5.6,4,1.1,0.6,0.2,0.7,100.2,38,361,19,131,7.1,1.3,267,11.2,25.2,3.2,13.3,3.3,1.1,3.2,0.5,3.2,0.6,1.9,0.3,1.9,0.3,3.9,0.6,< 5,2.3,1,47.3,22.3,12,3.9,2.1,0.11
KD-WR-201,-75.3293,6.8518,Granodiorite,Antioquian Batholith,Leal-Mejía (2011) in Leal-Mejía et al. (2019),75.1,1.3,75,67.8,15.9,4.6,0.1,1.7,4.7,3.3,2.1,0.4,0.1,0.4,100.6,60,248,14.9,85,4.6,2.1,533,5.3,12,1.6,7.6,2.2,0.7,2.2,0.4,2.3,0.5,1.5,0.2,1.7,0.3,3,0.4,7,3.8,2.8,22.3,14.7,10.5,2.1,1.5,0.24
KD-WR-202,-75.2019,6.7892,Gabbrodiorite,Antioquian Batholith,Leal-Mejía (2011) in Leal-Mejía et al. (2019),84.2,2,84,62.2,15.7,6.6,0.1,3,6,2.8,2.4,0.6,0.2,1.2,100.2,70,343,23.5,158,5.4,2.3,603,18.1,39.7,4.7,18.2,4.2,1,3.9,0.6,3.7,0.8,2.4,0.4,2.3,0.3,4.7,0.5,6,8.1,2.6,76.4,28.2,14.5,5.3,2.7,0.2
KD-WR-211,-74.6945,7.0617,Diorite Porphyry Dike,Dike Cuts Segovia Batholith,Leal-Mejía (2011) in Leal-Mejía et al. (2019),85.9,1.2,86,61.1,17.1,4.8,0.1,3.2,5.6,4,1.8,0.8,0.3,1.9,100.3,68,850,16.3,143,5.9,3.4,382,19.7,43,5.2,19.7,4.4,1.3,3.7,0.6,2.9,0.5,1.5,0.2,1.4,0.2,4.2,1.1,< 5,3.2,1.1,83.1,29.9,8.6,9.6,2.8,0.08
KD-WR-213*,-74.7092,7.0831,Dolerite Dike,Dike Cuts Segovia Batholith,Leal-Mejía (2011) in Leal-Mejía et al. (2019),,,86,51.2,16.7,6.8,0.1,4.7,7.7,3.7,2.3,1.1,0.4,4.8,99.4,70,374,22.6,181,8.7,2.1,701,28.4,58.9,6.9,24.7,5.3,1.8,4.8,0.7,3.9,0.8,2.2,0.3,2.1,0.3,4.3,0.5,7,7.9,2.2,119.8,35.8,12.9,9.3,3.3,0.19
KD-WR-215,-75.2983,5.7663,Granodiorite,Sonsón Batholith,Leal-Mejía (2011) in Leal-Mejía et al. (2019),55.8,1,56,65.2,15.2,4.5,0.1,2.4,4.4,3.2,2.8,0.5,0.1,0.5,98.5,93,319,18.9,156,5.8,3.5,999,33.2,62.6,6.7,22.1,4.3,1,3.8,0.6,3.3,0.7,2,0.3,2,0.3,5.1,0.6,8,12.4,3.3,140.1,29.1,12.2,11.5,4.8,0.29
KD-WR-216,-75.1999,5.6645,Felsite,Sonsón Batholith,Leal-Mejía (2011) in Leal-Mejía et al. (2019),55.8,1,56,74.4,13.1,1.2,0,0.4,1.1,3.2,4.4,0.1,0,0.8,98.6,161,105,24.7,86,7.5,5.2,621,16.6,35.6,4.1,15.1,3.5,0.4,3.5,0.6,3.5,0.8,2.3,0.4,2.7,0.4,3.8,1.5,13,21.3,12.1,70,23.9,16.7,4.2,2.9,1.53
KD-WR-217,-75.1408,5.716,Gabbrodiorite,"Dike Cuts Felsite, Sonsón Batholith",Leal-Mejía (2011) in Leal-Mejía et al. (2019),,,56,62,16.7,5.3,0.1,3.4,5.9,3.6,2,0.7,0.2,0.9,100.3,57,510,14.4,133,4.8,3.1,657,18.9,39.5,4.7,16.7,3.8,1.2,3.2,0.5,2.6,0.5,1.4,0.2,1.4,0.2,3.7,0.3,16,3.8,1.6,79.7,25.6,8.5,9.4,3.1,0.11
KD-WR-218*,-75.1939,5.6585,Felsite,Sonsón Batholith,Leal-Mejía (2011) in Leal-Mejía et al. (2019),60,0.9,60,75.9,12.9,0.9,0,0.1,0.8,3.5,4.7,0.1,0,0.5,99.2,173,39,24.4,57,6.8,2.6,188,10.4,24.3,3,13.2,3.6,0.3,3.4,0.6,3.6,0.7,2.2,0.4,2.5,0.4,3.2,1.3,16,24.2,16.1,43.9,24.1,15.8,2.8,1.8,4.44
KD-WR-221,-74.878,6.5086,Tonalite,Antioquian Batholith,Leal-Mejía (2011) in Leal-Mejía et al. (2019),87.4,1.3,87,59.3,15.5,7.6,0.1,4.7,7.2,2.8,1.5,0.7,0.2,0.5,99.7,44,313,18.7,130,5.6,2,401,15.7,31.3,3.8,15.8,3.6,0.8,3.2,0.6,3.3,0.7,1.9,0.3,2.1,0.3,3.6,0.5,< 5,2.4,1,66.2,24.1,13.2,5,2.8,0.14
KD-WR-222,-74.9143,5.2127,Tonalite,Mariquita Stock,Leal-Mejía (2011) in Leal-Mejía et al. (2019),93.5,1.4,94,71.3,14.3,2.7,0.1,0.8,2.7,3.9,2.7,0.4,0.1,0.3,98.9,106,108,34.1,153,6.6,5.1,528,14.4,27.7,3.3,13.5,3.5,0.7,4,0.8,5,1.1,2.9,0.5,3,0.4,3.7,0.7,6,4.7,3.4,60.8,23.6,18.5,3.3,2.6,0.98
KD-WR-23*,-75.6946,5.2927,Plg-Porphyry,Porphyry Fragment in Miraflores Breccia,Leal-Mejía (2011) in Leal-Mejía et al. (2019),72.6,2,73,63.5,13.7,3.6,0.1,3,4,3.4,3.5,0.3,0.4,3.6,98.7,73,1241,8,120,5,1,3297,21.2,40.7,5,20,4.2,1.2,3.1,0.4,1.6,0.3,0.7,0.1,0.6,0.1,3.7,0.4,28,8.6,8.3,89.5,28.4,3.7,24,3.2,0.06
KD-WR-236,-75.6946,5.2721,Monzonite,Irra Stock,Leal-Mejía (2011) in Leal-Mejía et al. (2019),69.6,1.1,70,60.3,19.2,4.6,0.1,0.6,3.1,5,5.4,0.5,0.2,0.8,99.4,83,2801,19.2,275,8.2,1.1,4798,48.7,90.7,11.1,42.3,7.7,1.9,4.9,0.7,3.6,0.7,1.9,0.3,1.8,0.3,6.4,0.7,40,11.3,5.1,205.5,52,11.2,18.3,3.9,0.03
KD-WR-305*,-75.4598,6.8246,Tonalite,Antioquian Batholith,Leal-Mejía (2011) in Leal-Mejía et al. (2019),73.9,1.3,74,70.1,16.7,1.6,0.1,0.3,0.2,0.6,3.8,0.1,0.1,4.8,98.2,100,43,10.2,79,7.8,3.3,1017,15.8,27.2,3.4,11.2,2.1,0.3,1.7,0.3,1.9,0.4,1.2,0.2,1.5,0.3,2.5,1,23,6,2.7,66.7,14.3,9.3,7.2,4.7,2.33
KD-WR-38,-74.9197,6.4829,Diorite Porphyry,Dike Cuts Antioquian Batholith,Leal-Mejía (2011) in Leal-Mejía et al. (2019),,,74,65.2,16.6,3.8,0.1,1.9,4.1,5,1.7,0.6,0.2,0.9,100,21,868,12.1,120,2.6,0.5,908,16.3,33,4.4,16.9,3.5,1.1,3,0.5,2.3,0.4,1.2,0.2,1.1,0.2,3.2,0.2,10,4,1.5,68.8,23.3,7.1,9.7,3,0.02
KD-WR-39,-75.1127,4.8964,Granodiorite,El Bosque Batholith,Leal-Mejía (2011) in Leal-Mejía et al. (2019),,,55,66,17.1,3.3,0,1.6,3.9,4,2.8,0.5,0.2,0.5,100,100,398,4.7,164,4.3,3.5,943,32,60.3,7,23.3,3.9,1.1,2.8,0.3,1,0.2,0.4,0.1,0.4,0.1,4.1,0.2,21,11.3,2.2,135,26.4,2.5,53,5.1,0.25
KD-WR-44,-75.0991,6.4849,Qtz-Bt-Porphyry,Dike Cuts Antioquian Batholith,Leal-Mejía (2011) in Leal-Mejía et al. (2019),59.9,0.9,60,71.6,14.6,2.1,0,0.6,2.6,4.2,2.9,0.2,0.1,0.6,99.2,75,361,9.4,84,4.5,1.4,893,23.8,42.5,4.7,14.5,2.4,0.6,1.9,0.3,1.6,0.3,0.9,0.2,1.1,0.2,2.5,0.6,15,12.3,3.1,100.4,16.4,6.6,15.3,6.1,0.21
KD-WR-78,-75.3837,5.0408,Granodiorite,Manizales Stock,Leal-Mejía (2011) in Leal-Mejía et al. (2019),,,55,65.2,16.3,4.5,0.1,1.9,4.7,3.4,2.1,0.5,0.2,0.8,99.5,69,611,15.8,114,7.4,3.1,1055,22.8,46.1,5,18.6,3.9,1,3,0.5,2.6,0.5,1.6,0.2,1.6,0.3,3.2,0.7,12,8.2,2.3,96.2,26.1,10,9.6,3.7,0.11
KD-WR-88,-75.4238,6.6032,Diorite,Antioquian Batholith,Leal-Mejía (2011) in Leal-Mejía et al. (2019),,,84,59.6,16.1,6.8,0.1,3.6,6.6,2.9,2,0.6,0.2,0.7,99.2,65,349,22.8,151,4.9,2.7,736,15.6,35.1,4.3,17.4,4.3,1.2,3.9,0.7,4,0.8,2.4,0.4,2.5,0.4,4.2,0.4,8,4.8,1.4,65.8,29.3,15.3,4.3,2.2,0.19
KD-WR-89,-75.3577,6.4456,Granodiorite,Antioquian Batholith,Leal-Mejía (2011) in Leal-Mejía et al. (2019),,,75,69.2,16.4,2.4,0.1,0.7,3.6,4.9,1.5,0.3,0.1,0.5,99.6,33,656,8.5,106,4.1,0.8,845,12.4,25.7,2.9,10.7,2.2,0.7,1.8,0.3,1.4,0.3,0.7,0.1,0.8,0.1,2.9,0.4,11,2.8,0.9,52.3,14.9,4.8,10.8,3.5,0.05
KD-WR-90*,-75.4374,6.6921,Diorite,Antioquian Batholith,Leal-Mejía (2011) in Leal-Mejía et al. (2019),,,74,55.4,16.1,8.3,0.1,3.3,6.9,2.8,1,1,0.2,4.8,99.9,30,441,38.3,251,5.8,1.1,323,14,35.3,4.9,21.9,5.9,1.3,6,1.1,6.4,1.3,3.8,0.6,3.9,0.6,6.6,0.4,19,3.9,1.4,59.1,39.8,24.3,2.4,1.5,0.07
KD-WR-91,-75.4374,6.6921,Gabbro,Antioquian Batholith,Leal-Mejía (2011) in Leal-Mejía et al. (2019),,,74,49.5,20.2,10.6,0.2,4.6,9.9,3,0.1,1,0.4,0.1,99.5,2,584,14,79,3.6,0.2,134,8.7,20.2,2.7,12.2,3,1.5,2.9,0.5,2.6,0.5,1.5,0.2,1.4,0.2,1.7,0.2,< 5,0.2,0.1,36.9,20.4,8.7,4.2,1.8,0
MP-1,-74.7006,7.0644,Andesite Porphyry Dike,Dike Cuts Segovia Batholith,Álvarez (2013) in Leal-Mejía et al. (2019),,,86,60.3,16.9,4.4,0.1,3,5.7,4,1.8,0.8,0.2,2.5,99.8,67.7,869.9,15.4,124.5,4.6,3.9,388,18.3,37.9,5.2,22.9,4.1,1.2,3.5,0.5,2.9,0.5,1.5,0.2,1.4,0.2,3.9,0.3,2,3.5,1.3,77.2,27.9,8.4,9.1,2.8,0.08
MSD1,-75.375,6.6144,Tonalite,Antioquian Batholith,Almeida & Villamizar (2012),,,84,65.9,17.2,3.5,0,1.2,3.6,2.8,2.8,0.4,0.1,2.3,99.7,61,330.7,11,140,0.7,,1746,11.3,21.9,2.6,9.8,2.1,1,2,0.3,1.7,0.4,1.2,0.2,1.3,0.2,4.1,0.4,,5.5,1.9,47.7,13.9,8.1,5.9,3.4,0.18
MSD2,-75.3775,6.6264,Tonalite,Antioquian Batholith,Almeida & Villamizar (2012),,,84,58.1,16.7,7.2,0.1,3.7,3.6,2.4,2,0.7,0.2,2.3,99.8,61,330.7,11,140.4,6.7,,692,11.3,38.9,2.6,9.8,2.1,1.1,4.9,0.3,4.7,0.4,3,0.2,1.3,0.2,5.9,0.4,,5.5,1.9,47.7,13.9,8.1,5.9,3.4,0.18
MSD3,-75.3864,6.6354,Tonalite,Antioquian Batholith,Almeida & Villamizar (2012),,,84,56.9,16.6,7.1,0.1,3.7,3.6,1.2,2,0.7,0.1,7.7,99.8,87.5,133.1,23,146,7.2,,"<0,1",20.5,37.7,5.3,21,4.2,0.9,3.9,0.7,4.2,0.9,2.7,0.4,2.9,0.5,4.6,0.5,,10.3,1.6,86.5,28.5,18.3,4.7,3,0.66
MSD4,-75.3653,6.6132,Tonalite,Antioquian Batholith,Almeida & Villamizar (2012),,,84,52.1,14.5,9.2,0.2,4.7,6.5,1.4,2.1,0.8,0.2,7.7,99.9,66.2,110.8,21.5,188.7,8,,270,15.7,32.4,4.1,16.8,4,0.8,3.8,0.7,3.8,0.8,2.4,0.4,2.5,0.4,5.7,0.3,,2.4,1.1,66.2,27,15.5,4.3,2.5,0.6
MSD6,-75.4132,6.6265,Quartzdiorite,Antioquian Batholith,Almeida & Villamizar (2012),,,84,52.4,18.4,9.1,0.1,3.6,3.6,1.7,0.7,1,0.4,8.8,99.6,13.2,248.5,38.4,173.4,6.1,,319,23.1,50.3,8.1,31.5,8,1.5,7.1,1.3,7.8,1.6,4.5,0.7,4.7,0.6,6,0.5,,3.4,1.2,97.5,54.3,29.1,3.3,1.8,0.05
MSD8,-75.3967,6.6228,Dacite,Antioquian Batholith,Almeida & Villamizar (2012),,,84,69.8,16.7,2.5,0,1,0.3,3.8,2.6,0.3,0.1,2.8,99.9,62.2,296.2,6,128.7,2.4,,835,12.8,23.4,3,10,2.2,0.6,1.6,0.3,1.2,0.2,0.8,0.1,0.8,0.1,3.4,0.2,,3.2,2,54,14.5,4.8,11.1,3.7,0.21
MSD9,-75.4091,6.6207,Granodiorite,Antioquian Batholith,Almeida & Villamizar (2012),,,84,63.5,16,6.2,0.1,2.2,4.9,2.9,2.3,0.6,0.1,1.1,99.8,81.3,226.6,25.2,151.4,5.4,,678,25.4,49.3,5.4,20.9,4.2,0.9,4.2,0.8,4.5,1,2.8,0.5,2.9,0.4,4.5,0.4,,11.3,2.4,107.2,28.2,18.2,5.9,3.8,0.36
PRO-2,-74.6957,7.0685,Andesite Porphyry Dike,Dike Cuts Segovia Batholith,Álvarez (2013) in Leal-Mejía et al. (2019),,,86,60.6,17.3,4.1,0.1,3,5.1,4.1,1.6,0.7,0.2,3.1,99.8,55.5,785,14.2,116.4,4.5,5.3,382,17.2,36.9,4.8,20.3,3.7,1.1,3.2,0.5,2.4,0.5,1.3,0.2,1.4,0.2,3.5,0.3,1,2.9,1,72.6,25.2,8.6,8.4,2.9,0.07
Rancheria-2*,-72.8794,11.5671,Granite,La Guajira Granitoid,Cardona et al. (2009) in Leal-Mejía et al. (2019),70.3,1,70,73.1,12.6,3.8,,1.3,3,2.5,2.2,0.4,0.1,0.8,99.7,91,209,16,177.6,6.4,,822,31.4,58.8,7.7,30.4,4.7,0.8,3.5,0.5,2.7,0.5,1.6,0.3,1.9,0.3,5.1,0.6,,12.6,4.2,132.5,31.6,11.7,11.3,4.2,0.44
SIL-12,-74.7099,7.0877,Dike,Dike Cuts Segovia Batholith,Álvarez (2013) in Leal-Mejía et al. (2019),,,86,51.4,17,7,0.1,6.4,7.2,4.5,1.7,1.1,0.3,2.9,99.7,51.8,430.2,21.3,158.7,8.4,0.8,572,25.1,52.3,6.6,26.1,5,1.5,4.6,0.7,4.1,0.8,2.2,0.3,2,0.3,4,0.5,1.9,7.4,1.8,105.9,33.4,12.4,8.5,3.2,0.12
SIL-22,-74.7079,7.0871,Dike,Dike Cuts Segovia Batholith,Álvarez (2013) in Leal-Mejía et al. (2019),,,86,57.1,15.9,5.4,0.1,6.2,3.4,4.7,2.8,0.8,0.2,3.2,99.8,92.8,189.8,14.2,111.8,3.4,2.2,190,10.4,23.9,3.3,14,2.8,0.8,2.8,0.4,2.7,0.5,1.4,0.2,1.3,0.2,2.9,0.5,0.4,1.6,0.5,43.9,19.2,8.3,5.3,2.3,0.49
SIL-25,-74.7099,7.085,Andesite Dike,Dike Cuts Segovia Batholith,Álvarez (2013) in Leal-Mejía et al. (2019),,,86,53.5,15.2,6.1,0.3,9.2,7.7,2.6,2.3,0.7,0.2,1.8,99.7,96.6,226.4,14.7,95.5,3.3,2.5,179,10.9,25.4,3.6,16,3.2,1,3.1,0.5,2.7,0.5,1.5,0.2,1.4,0.2,2.5,0.4,1,1.7,0.7,46,21.5,8.4,5.5,2.1,0.43
SIL-3*,-74.7068,7.0949,Latite,Dike Cuts Segovia Batholith,Álvarez (2013) in Leal-Mejía et al. (2019),,,86,57,16.8,8.2,0.2,4.6,2.4,4.8,3,1.1,0.7,1.1,99.8,72.9,207,53,355.4,13.6,1.6,67,14.6,42.8,6.4,28.5,7.1,1.9,8.6,1.5,9.2,1.9,5.3,0.8,5.4,0.8,8.4,1.1,0.4,2,0.9,61.6,48.2,33.2,1.9,1.3,0.35
SR-001,-75.18,6.86,Quartzdiorite - Granodiorite,Antioquian Batholith,Restrepo-Moreno (2009) in Leal-Mejía et al. (2019),75,0.7,75,64.5,16,3,0.1,1.1,3.8,3.5,2.3,0.3,0.1,1.9,96.6,58.5,233.5,7.3,42.6,4.5,0.1,755.5,10.7,19.6,2.2,8.4,1.6,0.8,1.5,0.2,1.2,0.3,0.7,0.1,0.7,0.1,1.5,1,6.1,5.2,1.4,45.1,10.7,4.2,10.8,4.2,0.25
SR-003,-75.12,6.76,Quartzdiorite - Granodiorite,Antioquian Batholith,Restrepo-Moreno (2009) in Leal-Mejía et al. (2019),77,0.8,77,64.8,15.5,5,0.1,2.1,5.1,3.4,2.3,0.5,0.1,0.3,99.2,93.2,259.3,19.9,24.2,9.6,2.9,597.9,9.1,22.1,3.1,13.5,3.3,0.8,3.2,0.5,3.1,0.7,2,0.3,2,0.3,1.1,5,6.8,5.7,1.2,38.5,22,12.2,3.1,1.8,0.36
SR-24*,-75.6,6.39,Diorite,Ovejas Intrusive,Restrepo-Moreno (2009) in Leal-Mejía et al. (2019),72,0.7,72,61,19.2,5.3,0.2,1.1,0,0,1.6,0.7,0.1,10.4,99.8,23.9,-4.5,7.6,16.7,6.6,1.3,361.2,3.4,7.9,1.2,5.5,1.5,0.6,1.7,0.3,2,0.4,1.4,0.2,1.5,0.2,0.9,0.9,11.3,1.8,1,14.2,9.9,9.3,1.5,1.4,-5.29
SR-41,-75.59,6.36,Diorite,Antioquian Batholith,Restrepo-Moreno (2009) in Leal-Mejía et al. (2019),71,0.6,71,62.4,16,6.8,0.1,2.6,5.8,3,2.1,0.7,0.2,0.7,100.3,88.7,224.3,30,21.5,10.8,4.2,484.4,7.4,20.4,3.3,16,4.3,1,4.5,0.8,4.7,1,2.9,0.5,3,0.5,1.1,5.3,6.9,1.6,2.9,31,28.7,18.5,1.7,1.1,0.4
SR-42,-75.58,6.34,Quartzdiorite - Granodiorite,Ovejas Intrusive,Restrepo-Moreno (2009) in Leal-Mejía et al. (2019),77,0.8,77,68.8,15.7,3.5,0.1,1,3.6,3.6,1.3,0.5,0.2,2.2,100.4,45.8,250.7,5.4,7.7,5.9,1.8,353.8,10.7,19.7,2.2,8,1.3,0.7,1.2,0.2,0.9,0.2,0.5,0.1,0.5,0.1,0.3,1.5,7.5,1.3,0.8,45.2,9.1,3.2,14.3,5,0.18
SR-9,-75.37,6.46,Quartzdiorite - Granodiorite,Antioquian Batholith,Restrepo-Moreno (2009) in Leal-Mejía et al. (2019),75,0.6,75,67.1,16.6,4.1,0.1,1.4,4.3,3.8,1.9,0.4,0.2,1,100.7,47.5,312.7,11,32,11.6,1.2,742,8.5,17.2,2.1,8.8,1.9,0.8,1.9,0.3,1.8,0.4,1.1,0.2,1.2,0.2,1,6.7,8.7,2.7,1.4,35.7,12.9,7.1,5,2.8,0.15
Yn-013,-75.7711,6.5298,Monzonite,Late Cretaceous Intrusive,Jaramillo et al. (2017),70.1,0.3,70,52.1,17.6,7.1,0.2,2.9,6.4,4,2.8,0.7,0.5,5.5,99.7,49.9,1012.7,10.5,56.8,1.7,1.1,900,15.9,35.7,4.8,19.4,4,1.1,3.1,0.4,2.1,0.3,1.1,0.2,1.1,0.2,1.7,0.1,,3.1,1,67.1,27.2,6.6,10.1,2.5,0.05
Yn-014,-75.7844,6.6029,Monzonite,Late Cretaceous Intrusive,Jaramillo et al. (2017),,,73,52.2,18.2,7.9,0.2,3.5,7.7,3.7,2.8,0.8,0.5,2.1,99.5,50,1418.1,11.7,64.3,5.3,0.8,1286,18.9,37,5.1,19.7,4.2,1.3,3.3,0.4,2.2,0.4,1,0.2,1,0.2,2.3,0.3,,8.3,2.2,79.7,28.3,6.1,13,2.8,0.04
Yn-015,-75.7837,6.6048,Monzonite,Late Cretaceous Intrusive,Jaramillo et al. (2017),,,73,75.8,13.2,0.9,0,0.1,1.1,3.7,4.8,0.1,0.3,0.3,99.8,100.7,383.4,3.2,67,0.2,0.4,750,7,10.3,0.9,2.4,0.5,0.1,0.4,0.1,0.3,0.1,0.3,0,0.4,0.1,2,<0.1,,4.3,1.1,29.5,3.5,2.7,11.1,8.4,0.26
Yn-016,-75.7836,6.601,Monzonite,Late Cretaceous Intrusive,Jaramillo et al. (2017),,,73,60,17.1,5.7,0.1,2.1,5.2,4.3,3.4,0.7,0.1,0.9,99.6,69.4,1146.5,10.3,123.3,1.9,0.9,1245,23.1,40.9,5.2,20.6,3.7,1.1,2.9,0.4,2,0.3,1.1,0.1,1.1,0.2,3.7,0.2,,6.8,1.7,97.5,24.9,6.9,14.1,3.9,0.06
Yn-017,-75.7845,6.5942,Monzonite,Late Cretaceous Intrusive,Jaramillo et al. (2017),,,73,69.1,16.1,2.1,0.1,0.5,2.7,4.5,3.5,0.2,0.6,0.8,99.6,67.7,855,4.1,68.3,3.2,0.5,2072,9.4,14.3,1.7,6,1.1,0.5,0.9,0.1,0.6,0.2,0.4,0.1,0.5,0.1,2.6,0.2,,2.2,0.7,39.7,7.6,3.1,12.8,5.2,0.08
Yn-018,-75.7954,6.6411,Monzonite,Late Cretaceous Intrusive,Jaramillo et al. (2017),,,73,48.6,19.9,8.5,0.2,3.6,7.9,4.4,1.4,0.8,,3.6,99.6,25.4,1443.4,14.6,39.5,3.6,1.1,859,20.8,40.7,5.7,26.5,5.3,1.8,4.3,0.5,2.5,0.6,1.3,0.2,1.2,0.2,1.6,0.3,,1.9,0.7,87.8,35.6,7.5,11.7,2.5,0.02
